{"*": [1522366459.5337207], "actions": [1522366459.5337207]}