{"*": [1522366058.8644912], "actions": [1522366058.8644912]}