{"*": [1522366644.2050111], "actions": [1522366644.2050111]}